{
  "file": "dl_local_synth_1757788880776.wav",
  "sampleRate": 44100,
  "buckets": 256,
  "createdAt": 1757788969780,
  "fp": [
    0.05698758363723755,
    0.10236351191997528,
    0.09323768317699432,
    0.0936482697725296,
    0.08124987781047821,
    0.07554255425930023,
    0.0648910254240036,
    0.061838094145059586,
    0.06400095671415329,
    0.06906725466251373,
    0.0616089329123497,
    0.06164732202887535,
    0.0661359503865242,
    0.06448519974946976,
    0.06640796363353729,
    0.06525862216949463,
    0.060593366622924805,
    0.06077026575803757,
    0.06788188964128494,
    0.0607958622276783,
    0.06092459335923195,
    0.06465205550193787,
    0.06234700605273247,
    0.064020536839962,
    0.06502626091241837,
    0.0597652867436409,
    0.0588373988866806,
    0.06756967306137085,
    0.06032855808734894,
    0.060627568513154984,
    0.06471189856529236,
    0.06217304617166519,
    0.06418364495038986,
    0.06495070457458496,
    0.06035205349326134,
    0.059063997119665146,
    0.06735385954380035,
    0.06186703220009804,
    0.06020519137382507,
    0.06629113852977753,
    0.06495166569948196,
    0.06422785669565201,
    0.06596827507019043,
    0.05988651141524315,
    0.060371026396751404,
    0.0680730789899826,
    0.06410537660121918,
    0.061335280537605286,
    0.06480848789215088,
    0.0683569386601448,
    0.0655469223856926,
    0.06903491169214249,
    0.06218918040394783,
    0.06269179284572601,
    0.06761304289102554,
    0.06903315335512161,
    0.0648634061217308,
    0.06601744890213013,
    0.07050031423568726,
    0.06777689605951309,
    0.07036478072404861,
    0.0641949400305748,
    0.06259135901927948,
    0.06355065107345581,
    0.07028834521770477,
    0.06310629844665527,
    0.06311038136482239,
    0.06681330502033234,
    0.06390569359064102,
    0.06841544061899185,
    0.0637647807598114,
    0.06069963797926903,
    0.059840936213731766,
    0.06940461695194244,
    0.061265572905540466,
    0.061422381550073624,
    0.06481995433568954,
    0.06155835837125778,
    0.06666886061429977,
    0.06486117839813232,
    0.05927332490682602,
    0.058161668479442596,
    0.06910830736160278,
    0.060959238559007645,
    0.06017855554819107,
    0.06457372009754181,
    0.06169098988175392,
    0.06509368121623993,
    0.06582777947187424,
    0.05854787304997444,
    0.05778540298342705,
    0.06832153350114822,
    0.062164440751075745,
    0.06048288568854332,
    0.06467106938362122,
    0.06327387690544128,
    0.06385888159275055,
    0.06637831777334213,
    0.05924588441848755,
    0.0588870532810688,
    0.06715604662895203,
    0.06438248604536057,
    0.062165517359972,
    0.06591711938381195,
    0.06610412895679474,
    0.06458140164613724,
    0.06846977770328522,
    0.06140386685729027,
    0.06209579110145569,
    0.06551586091518402,
    0.0687113031744957,
    0.06489654630422592,
    0.0672202855348587,
    0.07004848122596741,
    0.0658746287226677,
    0.07141469419002533,
    0.06366472691297531,
    0.06405606120824814,
    0.06369350850582123,
    0.07188346236944199,
    0.0639968141913414,
    0.06477055698633194,
    0.06777803599834442,
    0.06320256739854813,
    0.06986503303050995,
    0.06292974948883057,
    0.06120084971189499,
    0.059848345816135406,
    0.07147515565156937,
    0.06143547222018242,
    0.062179431319236755,
    0.06560427695512772,
    0.06189503148198128,
    0.06853514164686203,
    0.0637698769569397,
    0.058764029294252396,
    0.05768631398677826,
    0.07087167352437973,
    0.061465609818696976,
    0.05994066968560219,
    0.06411100178956985,
    0.0612335279583931,
    0.06607186794281006,
    0.06593789160251617,
    0.057871926575899124,
    0.05713292956352234,
    0.06871883571147919,
    0.06236986070871353,
    0.06122080236673355,
    0.06281663477420807,
    0.06263212859630585,
    0.06417722254991531,
    0.06716709583997726,
    0.05878596380352974,
    0.058261677622795105,
    0.06586822122335434,
    0.06487006694078445,
    0.06319309771060944,
    0.06597882509231567,
    0.06439133733510971,
    0.06326854974031448,
    0.06818173825740814,
    0.060683947056531906,
    0.061255667358636856,
    0.06393487751483917,
    0.06897493451833725,
    0.06477546691894531,
    0.06783049553632736,
    0.06755638122558594,
    0.06347185373306274,
    0.07124755531549454,
    0.062346167862415314,
    0.06521168351173401,
    0.06377540528774261,
    0.07327879965305328,
    0.06478454917669296,
    0.06712528318166733,
    0.06929753720760345,
    0.06275134533643723,
    0.07156877964735031,
    0.062481701374053955,
    0.06171456724405289,
    0.060563862323760986,
    0.07232363522052765,
    0.06160935387015343,
    0.06371323764324188,
    0.06687230616807938,
    0.062439192086458206,
    0.06898532062768936,
    0.0631411001086235,
    0.05881083756685257,
    0.05795794352889061,
    0.07139107584953308,
    0.06043429300189018,
    0.06160441040992737,
    0.06297514587640762,
    0.061635009944438934,
    0.06706313788890839,
    0.06478635221719742,
    0.05790690705180168,
    0.057292379438877106,
    0.06882192939519882,
    0.06188224256038666,
    0.06196159869432449,
    0.06349662691354752,
    0.061771243810653687,
    0.06439689546823502,
    0.066768117249012,
    0.05824270471930504,
    0.05845767259597778,
    0.06544701009988785,
    0.0655628889799118,
    0.06379572302103043,
    0.06451419740915298,
    0.062540702521801,
    0.0620260052382946,
    0.06899518519639969,
    0.059032272547483444,
    0.06051909178495407,
    0.0633050724864006,
    0.06883881986141205,
    0.06481561064720154,
    0.06664006412029266,
    0.06573913246393204,
    0.061735861003398895,
    0.07218018919229507,
    0.061380594968795776,
    0.06348105520009995,
    0.0633200854063034,
    0.07359132915735245,
    0.06367079168558121,
    0.06711655110120773,
    0.06276006996631622,
    0.05390331521630287,
    0.058525457978248596,
    0.04720718413591385,
    0.04434196278452873,
    0.04038489982485771,
    0.044407788664102554,
    0.03445488214492798,
    0.03398113325238228,
    0.03093036264181137,
    0.02574736624956131,
    0.02540707029402256,
    0.019708892330527306,
    0.01590481959283352,
    0.01297693606466055,
    0.011987324804067612,
    0.007230645511299372,
    0.004572871141135693,
    0.0015007072361186147,
    0,
    0,
    0,
    0,
    0
  ]
}