{
  "file": "drum-beat.wav",
  "sampleRate": 44100,
  "buckets": 128,
  "createdAt": 1757786016346,
  "fp": [
    0.3650900721549988,
    0.05258014798164368,
    0.008283336646854877,
    0.0013550029834732413,
    0.00019536509353201836,
    0.00002632989162520971,
    0,
    0,
    0,
    0.0801418274641037,
    0.06164532154798508,
    0.0035333423875272274,
    0,
    0,
    0,
    0,
    0,
    0,
    0,
    0.39489802718162537,
    0.09934666752815247,
    0.015581956133246422,
    0.0023197520058602095,
    0.00035106524592265487,
    0.000043542975618038327,
    2.3812565075331804e-7,
    0,
    0,
    0.047878459095954895,
    0.09037984162569046,
    0.008750062435865402,
    0,
    0,
    0,
    0,
    0,
    0,
    0,
    0.27985772490501404,
    0.12581151723861694,
    0.01769491285085678,
    0.0025535232853144407,
    0.000417196104535833,
    0.00006742357072653249,
    0.000004252243797964184,
    0,
    0,
    0,
    0.13227029144763947,
    0.01640886440873146,
    0,
    0,
    0,
    0,
    0,
    0,
    0,
    0.2695697546005249,
    0.21182295680046082,
    0.03208610415458679,
    0.0048836166970431805,
    0.0007828210364095867,
    0.00010477528121555224,
    0.000011157887456647586,
    0,
    0,
    0,
    0.12081198394298553,
    0.027446361258625984,
    0,
    0,
    0,
    0,
    0,
    0,
    0,
    0.14101222157478333,
    0.2410922795534134,
    0.03866201266646385,
    0.00615377863869071,
    0.000877526996191591,
    0.00012790749315172434,
    0.000018131566321244463,
    0,
    0,
    0,
    0.10467023402452469,
    0.04351436719298363,
    0.00011702174379024655,
    0,
    0,
    0,
    0,
    0,
    0,
    0,
    0.44113689661026,
    0.07199977338314056,
    0.010410547256469727,
    0.001611294224858284,
    0.00024213976575993001,
    0.00002684016180865001,
    0,
    0,
    0,
    0.08090826123952866,
    0.0635903999209404,
    0.0037596977781504393,
    0,
    0,
    0,
    0,
    0,
    0,
    0,
    0.3320517838001251,
    0.08209367841482162,
    0.011601107195019722,
    0.001910005696117878,
    0.0003089850360993296,
    0.000043576990719884634,
    3.401794970159244e-7,
    0,
    0,
    0.04651019349694252,
    0.09268700331449509,
    0.009061156772077084,
    0
  ]
}