{
  "file": "simple-synth.wav",
  "sampleRate": 44100,
  "buckets": 128,
  "createdAt": 1757786050574,
  "fp": [
    0.11283109337091446,
    0.1323275864124298,
    0.11101938784122467,
    0.0897325798869133,
    0.0942210853099823,
    0.08727356046438217,
    0.09248839318752289,
    0.09322863072156906,
    0.08593346178531647,
    0.09111234545707703,
    0.08891655504703522,
    0.0894765630364418,
    0.08836064487695694,
    0.08950454741716385,
    0.0856449231505394,
    0.08984291553497314,
    0.09143564850091934,
    0.08455444127321243,
    0.09149692207574844,
    0.08956775069236755,
    0.09146762639284134,
    0.0891134962439537,
    0.09094691276550293,
    0.08882026374340057,
    0.09428991377353668,
    0.0952928215265274,
    0.0884239673614502,
    0.0967545285820961,
    0.09267228096723557,
    0.09790939092636108,
    0.09527716040611267,
    0.08931686729192734,
    0.09445220977067947,
    0.09199454635381699,
    0.09369209408760071,
    0.08812902122735977,
    0.09151437878608704,
    0.08687116950750351,
    0.08948418498039246,
    0.09313195198774338,
    0.08315172046422958,
    0.09209640324115753,
    0.08833283931016922,
    0.08977191895246506,
    0.08806616812944412,
    0.08929203450679779,
    0.08684240281581879,
    0.09059346467256546,
    0.09221653640270233,
    0.08364591747522354,
    0.0931379646062851,
    0.0906909629702568,
    0.09253398329019547,
    0.09195911139249802,
    0.0903574675321579,
    0.09460318088531494,
    0.0971953496336937,
    0.09720990061759949,
    0.09043474495410919,
    0.09599744528532028,
    0.09117580205202103,
    0.0927429124712944,
    0.09402747452259064,
    0.08571081608533859,
    0.09410949796438217,
    0.0904792994260788,
    0.09235317260026932,
    0.08676209300756454,
    0.09102754294872284,
    0.0859636589884758,
    0.08875220268964767,
    0.09347162395715714,
    0.08143102377653122,
    0.0928194522857666,
    0.0878266915678978,
    0.08978939056396484,
    0.08918306976556778,
    0.08789215981960297,
    0.0906771719455719,
    0.09231067448854446,
    0.0930754765868187,
    0.08634129166603088,
    0.09410891681909561,
    0.09389377385377884,
    0.09277664124965668,
    0.09459317475557327,
    0.0913313701748848,
    0.09775795787572861,
    0.096596360206604,
    0.09510751813650131,
    0.08793915808200836,
    0.09409311413764954,
    0.08873666822910309,
    0.09156107157468796,
    0.09355422854423523,
    0.08268000930547714,
    0.09334105998277664,
    0.08821054548025131,
    0.09112678468227386,
    0.08687492460012436,
    0.08929724991321564,
    0.08768961578607559,
    0.08869792520999908,
    0.0928734838962555,
    0.08263157308101654,
    0.09276365488767624,
    0.09085188806056976,
    0.08820144832134247,
    0.09065189212560654,
    0.08767568320035934,
    0.09463615715503693,
    0.09373321384191513,
    0.09482140094041824,
    0.08841028809547424,
    0.09694232046604156,
    0.0926060751080513,
    0.08260538429021835,
    0.07486569136381149,
    0.05999220907688141,
    0.05583997815847397,
    0.04596162587404251,
    0.036220718175172806,
    0.025216856971383095,
    0.017676344141364098,
    0.008357668295502663,
    0.0010625998256728053,
    0,
    0
  ]
}